<?xml version="1.0" encoding="UTF-8"?>
<project-private xmlns="http://www.netbeans.org/ns/project-private/1">
    <editor-bookmarks xmlns="http://www.netbeans.org/ns/editor-bookmarks/2" lastBookmarkId="0"/>
    <open-files xmlns="http://www.netbeans.org/ns/projectui-open-files/2">
        <group>
            <file>file:/C:/Users/Eryan/OneDrive%20-%20Universidad%20Fidélitas/Documentos/NetBeansProjects/ProyectoGimnasio1/src/main/GimnasioApp.java</file>
            <file>file:/C:/Users/Eryan/OneDrive%20-%20Universidad%20Fidélitas/Documentos/NetBeansProjects/ProyectoGimnasio1/src/main/PanelMenuPrincipal.java</file>
            <file>file:/C:/Users/Eryan/OneDrive%20-%20Universidad%20Fidélitas/Documentos/NetBeansProjects/ProyectoGimnasio1/src/main/PanelParqueo.java</file>
            <file>file:/C:/Users/Eryan/OneDrive%20-%20Universidad%20Fidélitas/Documentos/NetBeansProjects/ProyectoGimnasio1/src/main/PanelClasesGrupales.java</file>
            <file>file:/C:/Users/Eryan/OneDrive%20-%20Universidad%20Fidélitas/Documentos/NetBeansProjects/ProyectoGimnasio1/src/main/PanelCabinas.java</file>
            <file>file:/C:/Users/Eryan/OneDrive%20-%20Universidad%20Fidélitas/Documentos/NetBeansProjects/ProyectoGimnasio1/src/main/PanelAuditorio.java</file>
            <file>file:/C:/Users/Eryan/OneDrive%20-%20Universidad%20Fidélitas/Documentos/NetBeansProjects/ProyectoGimnasio1/src/main/PanelPesas.java</file>
            <file>file:/C:/Users/Eryan/OneDrive%20-%20Universidad%20Fidélitas/Documentos/NetBeansProjects/ProyectoGimnasio1/src/main/PanelRecreacion.java</file>
            <file>file:/C:/Users/Eryan/OneDrive%20-%20Universidad%20Fidélitas/Documentos/NetBeansProjects/ProyectoGimnasio1/src/main/Parqueo.java</file>
            <file>file:/C:/Users/Eryan/OneDrive%20-%20Universidad%20Fidélitas/Documentos/NetBeansProjects/ProyectoGimnasio1/src/main/Socio.java</file>
            <file>file:/C:/Users/Eryan/OneDrive%20-%20Universidad%20Fidélitas/Documentos/NetBeansProjects/ProyectoGimnasio1/src/main/DatosIniciales.java</file>
            <file>file:/C:/Users/Eryan/OneDrive%20-%20Universidad%20Fidélitas/Documentos/NetBeansProjects/ProyectoGimnasio1/src/main/ClaseGrupal.java</file>
            <file>file:/C:/Users/Eryan/OneDrive%20-%20Universidad%20Fidélitas/Documentos/NetBeansProjects/ProyectoGimnasio1/src/main/Cabina.java</file>
            <file>file:/C:/Users/Eryan/OneDrive%20-%20Universidad%20Fidélitas/Documentos/NetBeansProjects/ProyectoGimnasio1/src/main/Auditorio.java</file>
            <file>file:/C:/Users/Eryan/OneDrive%20-%20Universidad%20Fidélitas/Documentos/NetBeansProjects/ProyectoGimnasio1/src/main/SalaPesas.java</file>
            <file>file:/C:/Users/Eryan/OneDrive%20-%20Universidad%20Fidélitas/Documentos/NetBeansProjects/ProyectoGimnasio1/src/main/EspacioRecreativo.java</file>
            <file>file:/C:/Users/Eryan/OneDrive%20-%20Universidad%20Fidélitas/Documentos/NetBeansProjects/ProyectoGimnasio1/src/main/PanelReservas.java</file>
        </group>
    </open-files>
</project-private>
